FirstName;Initials;Lastname;Username;Email;StreetAddress;City;ZipCode;State;Country;Department;Password;Telephone;JobTitle;Company;OU
HEDHLY1;HT1;TAREK1;tahed1;hedhly@gmail.com;;Lyon;78500;;FR;IT;P@ssword;;;GO-IT;OU=INFORMATIQUE,DC=ansible,DC=LOCAL
HEDHLY2;HT2;TAREK2;tahed2;;;Lyon;78500;;FR;IT;P@ssword;;;GO-IT;OU=INFORMATIQUE,DC=ansible,DC=LOCAL
HEDHLY3;HT3;TAREK3;tahed3;;;Lyon;78500;;FR;IT;P@ssword;;;GO-IT;OU=INFORMATIQUE,DC=ansible,DC=LOCAL
HEDHLY4;HT4;TAREK4;tahed4;;;Lyon;78500;;FR;IT;P@ssword;;;GO-IT;OU=INFORMATIQUE,DC=ansible,DC=LOCAL
HEDHLY5;HT5;TAREK5;tahed5;;;Lyon;78500;;FR;IT;P@ssword;;;GO-IT;OU=INFORMATIQUE,DC=ansible,DC=LOCAL
HEDHLY6;HT6;TAREK6;tahed6;;;Lyon;78500;;FR;IT;P@ssword;;;GO-IT;OU=INFORMATIQUE,DC=ansible,DC=LOCAL
HEDHLY7;HT7;TAREK7;tahed7;;;Lyon;78500;;FR;IT;P@ssword;;;GO-IT;OU=INFORMATIQUE,DC=ansible,DC=LOCAL
HEDHLY8;HT8;TAREK8;tahed8;;;Lyon;78500;;FR;IT;P@ssword;;;GO-IT;OU=INFORMATIQUE,DC=ansible,DC=LOCAL
HEDHLY9;HT9;TAREK9;tahed9;;;Lyon;78500;;FR;IT;P@ssword;;;GO-IT;OU=INFORMATIQUE,DC=ansible,DC=LOCAL
HEDHLY10;HT10;TAREK10;tahed10;;;Lyon;78500;;FR;IT;P@ssword;;;GO-IT;OU=INFORMATIQUE,DC=ansible,DC=LOCAL
HEDHLY11;HT11;TAREK11;tahed11;;;Lyon;78500;;FR;IT;P@ssword;;;GO-IT;OU=INFORMATIQUE,DC=ansible,DC=LOCAL
HEDHLY12;HT12;TAREK12;tahed12;;;Lyon;78500;;FR;IT;P@ssword;;;GO-IT;OU=INFORMATIQUE,DC=ansible,DC=LOCAL
